{"cameraMode":{"drawMode":0,"name":"Shaded","section":"Shading Mode"},"sceneLighting":true,"audioPlay":false,"sceneViewState":{"m_AlwaysRefresh":false,"showFog":true,"showSkybox":true,"showFlares":true,"showImageEffects":true,"showParticleSystems":true,"showVisualEffectGraphs":true,"m_FxEnabled":true},"in2DMode":false,"pivot":{"x":1061.2242431640625,"y":368.78680419921877,"z":-268.8833312988281},"rotation":{"x":-0.0036286849062889816,"y":0.9943303465843201,"z":0.0999569520354271,"w":0.03611058369278908},"size":258.8831787109375,"orthographic":false}