{"cameraMode":{"drawMode":0,"name":"Shaded","section":"Shading Mode"},"sceneLighting":false,"audioPlay":false,"sceneViewState":{"m_AlwaysRefresh":false,"showFog":true,"showSkybox":false,"showFlares":true,"showImageEffects":true,"showParticleSystems":true,"showVisualEffectGraphs":true,"m_FxEnabled":true},"in2DMode":false,"pivot":{"x":-0.028006315231323243,"y":1.728128433227539,"z":-0.0177994966506958},"rotation":{"x":-0.17196200788021089,"y":-0.6439863443374634,"z":0.1516045331954956,"w":-0.7298563718795776},"size":2.9287867546081545,"orthographic":false}